109128,2COLOUR LOGO 3P,BLACK/MEDGREHEA,TRAINING,SOCKS,Unisex,1482.23
653254,BEACH TB 2,NEWCURACA/CHILI,TRAINING,BAGS,Woman,1256.99
90411,LFC FITTED CAP,BLACK/LGTSCARLT,FOOTBALL/SOCCER,HEADWEAR,Men,1642.18
28636,BATIDA GRAIN W,RUNWHT/FREGRE/LEAD,TENNIS,SHOES,Woman,1184.99
59448,INF ART TRUNK A,PUNJAB,SWIM,SWIMWEAR,Men,1557.18
694581,S 83-C TWIST,MEDGREHEA/MIDRED,ORIGINALS,JACKETS,Woman,449.48
791253,BONE SS M,BLACK,NOT SPORTS SPECIFIC,T-SHIRTS,Men,163.33
648203,BI-TONAL POLO,WHITE,TRAINING,POLO SHIRTS,Men,2041.58
G50724,CORE 50,BLACK1/BLACK1/INTPNK,TRAINING,SHOES,Woman,539.99
K15494,PADDED JKT,BLACK,OUTDOOR,JACKETS,Men,1873.93
P43729,ESS STR POLO,WHITE,TRAINING,POLO SHIRTS,Woman,171.18
551921,VAPORSPEED TR,GRAPHI/BLACK/GOLD,TRAINING,SHOES,Men,2338.49
309598,REFEREE SHIRT,BLACK/LEGACY,ORIGINALS,POLO SHIRTS,Men,1927.98
P90419,SP Y 3S PESPANT,PURPLEBEA/RADIANAQU,TRAINING,PANTS,Woman,862.38
919796,KICK 3 I,BLACK1/WHT/DCHILI,ORIGINALS,SHOES,Infant,1537.49
610160,TROF TRG SHO,BLACK,FOOTBALL/SOCCER,SHORTS,Men,656.23
537595,B49 TRAINER K,RUNWHT/DKINDI/SILVER,TRAINING,SHOES,Kid,554.99
373077,B TREFOIL CAP,VIVIDRED/LEGACY,ORIGINALS,HEADWEAR,Men,2121.58
24935,SPORTHEIM PANT,BLACK/LEGACY,ORIGINALS,PANTS,Men,1420.78
308040,365 SIG GYM SUI,RUBIAGREY,TRAINING,SUITS,Men,314.98
743176,RH SUN HAT,BONE/LEGACY,ORIGINALS,HEADWEAR,Woman,341.68
E41330,FIN. LON. CAP.,WHITE/POPPY,FOOTBALL/SOCCER,BALLS,Men,638.73
55564,ADICOLOR CAP,BLACK/SATELLITE,ORIGINALS,HEADWEAR,Unisex,2575.48
612508,FBS GRA TEE,BLACK,FOOTBALL/SOCCER,T-SHIRTS,Men,2328.13
14505,MISSY GAME II,MUSBRO/TECBRO/TECGRE,ORIGINALS,SHOES,Woman,1937.99
385758,SAVAGE 2003 W,BREEZE/LAZART/SOLUCE,RUNNING,SHOES,Woman,1705.49
K81931,STRAPPY VEST,ROSE RED F10-R,WORKOUT,TOPS,Woman,131.23
664274,TOP TEN LT LOW,BLACK1/METSIL/BLACK1,BASKETBALL,SHOES,Men,2053.49
667201,KG BOUNCE,BLACK1/LONEBL/RUNWHT,BASKETBALL,SHOES,Men,962.99
E14787,ESS CREW TEE,BLACK,TRAINING,T-SHIRTS,Kid,2151.58
418009,EXTEND LOW XCR,PUTTY/HEMP/FLPJA,OUTDOOR,SHOES,Men,2158.49
802152,"ELITE BTL 0,5L",WAVEBLUE/WHITE,TRAINING,HARDWARE ACCESSORIES,Unisex,1697.48
571040,RG SHORT,DARKSLATE/Powderblu,TENNIS,SHORTS,Men,428.73
303221,ME WV STR PANT,RUBIAGREY,TRAINING,PANTS,Woman,1783.98
60008,W COMP.WARMUP,WHITE/BLACK,TENNIS,SUITS,Woman,2458.73
372246,AC M 3S TEE,WHITE/VIVIDRED,TRAINING,T-SHIRTS,Men,650.08
615894,PREDATOR CLUB,WHITE/BLACK,FOOTBALL/SOCCER,PROTECTION GEAR,Men,1426.23
805443,RH POCKET BELT,BONE/CONCRETE,ORIGINALS,BAGS,Woman,421.49
G41601,SNICE CF I,RUNWHI/RADPNK/FRECAN,TRAINING,SHOES,Infant,463.49
506916,RES CT TH POLO,DRKINDIGO/WHITE,TENNIS,POLO SHIRTS,Men,2331.18
10529,ORACLE LOGO CVS II,BLACK1/RUNWHI/RUNWHI,TENNIS,SHOES,Men,1520.99
741327,CORE MT TRUCKER,DARKNAVY/WAVEBLUE,ORIGINALS,HEADWEAR,Unisex,2022.98
109125,NA TRACK TOP,BLACK/SHOCKRED,TRAINING,JACKETS,Woman,2177.73
462756,SUPERSTAR CF I,WHT/ENERGY/MAJEST,ORIGINALS,SHOES,Infant,1115.99
627254,SFT SHORT,LGHTSCREE,ORIGINALS,SHORTS,Men,136.48
741916,GYM CU TRACK PA,LIGHTBARK,TRAINING,PANTS,Woman,409.58
P06130,FIREBIRD TP,ARTRED,ORIGINALS,PANTS,Woman,1607.98
373735,FARRAH PANT,BLACK/LEGACY,ORIGINALS,PANTS,Woman,1803.18
503822,CORE CUFF PANT,BLACK,ORIGINALS,PANTS,Woman,940.78
87699,TF UW BOXER,WHITE,TRAINING,TIGHTS,Men,920.48
506169,PREMIO JSY LS,WHITE/NEWNAVY,FOOTBALL/SOCCER,JERSEYS,Men,1638.43
95231,PB LOGO TEE,DARKSPACE/LGHTSPACE,ORIGINALS,T-SHIRTS,Woman,1499.83
566076,WINTER LS 2,TITANIUM/ALLOY,ORIGINALS,SWEATERS,Men,762.98
P08258,LF SS TT CS,TIN,ORIGINALS,JACKETS,Men,867.98
10349,+PREDITO II TF,DPSPMT/METSIL/METSIL,FOOTBALL/SOCCER,SHOES,Men,466.49
X50274,M-REKORD,RINSEDENI,ORIGINALS,PANTS,Men,1430.38
73634,ESS BERTY SHORT,DARKSLATE/WHITE,TRAINING,SHORTS,Men,2554.98
556104,BASICS L TIGHT,BLACK/RUNNWHITE,TRAINING,TIGHTS,Woman,124.23
659010,FOOT B BPACK,SUNSHINE/BLACK,FOOTBALL/SOCCER,BAGS,Unisex,2182.49
314393,3S CB TEE,WHITE/DARKONIX,TRAINING,T-SHIRTS,Men,202.93
G44341,ADI SUN W,AERRED/AERRED/WHT,ORIGINALS,SANDALS/SLIPPERS,Woman,313.23
93399,BORN ON THE COU,DEEPCHILI/BLACK,BASKETBALL,T-SHIRTS,Men,108.88
G23045,TOP TEN LO NBA,BLACK1/COGRSL/DARONX,ORIGINALS,SHOES,Men,248.99
303775,SUMMIT VEST,DRKMARINE,ORIGINALS,JACKETS,Men,1429.08
156919,YR-SLEEVEL.VEST,ONIX/URANUS,TRAINING,JACKETS,Men,2427.28
635942,BS SHORT LL,LIGHTAQUA,SWIM,SWIMWEAR,Men,486.18
506926,RES CT TRAD POL,WHITE/BLACK,TENNIS,POLO SHIRTS,Men,1963.18
G12098,NIZZA LO,WHT/WHT/WHT,ORIGINALS,SHOES,Men,950.99
67669,ADIDAS CB SH B,ORANGE/DARKSLATE,SWIM,SWIMWEAR,Kid,1084.58
653882,PLAYA X-ITE,WHITE/COLLEGRED,FOOTBALL/SOCCER,BALLS,Men,2098.23
76411,RECORD T.TOP,DARKNAVY/DEEPROYAL,TRAINING,JACKETS,Men,2210.28
83163,CL FZ HOOD,MONOPINK/WHITE,TRAINING,SWEATSHIRTS,Kid,2236.63
608760,D S V TOP,VAPOUR/COLEGAQUA,ORIGINALS,T-SHIRTS,Woman,1341.43
52363,ADICREW 6PP,BLACK/WHITE,TRAINING,SOCKS,Unisex,1821.73
43943,MICROBOUNCE LT W,LGRANI/INTPIN/GRAGRE,RUNNING,SHOES,Woman,430.49
909213,HONEY LOW GRUEN,LGTRUB/VAPOUR/WHT,ORIGINALS,SHOES,Woman,2045.99
P93799,BNCE L/S TEE,BLACK/WHITE,TRAINING,T-SHIRTS,Men,145.18
E14815,REAL TT,DARKPURPL/WHITE,ORIGINALS,JACKETS,Men,1323.68
47466,SBW TEE,MINTGREEN,TRAINING,T-SHIRTS,Woman,676.48
652808,PERFANTO M,NEWNAV/WHT/NEWNAV,SWIM,SANDALS/SLIPPERS,Men,652.73
E43699,CR_BTS POWER,TINMET/PURESTEEL,TRAINING,BAGS,Unisex,907.49
O43781,SE SL,SUSHI GREEN F11-R,RUNNING,T-SHIRTS,Men,2339.68
740397,ET TRAINPANT,WHITE/SILVER,TRAINING,PANTS,Woman,955.18
464269,BRASIC HIGH STR,STONE/POWGRE/RUNWHT,TENNIS,SHOES,Unisex,1292.99
949151,FREEST ANTOXIA,IRON/POWERRED,TRAINING,BAGS,Unisex,1972.49
628367,CLUB WV PANT,LIGHTIRON,TRAINING,PANTS,Men,1062.38
462570,+F10.6 TRX TF,WHT/ZENITH/MASBLU,FOOTBALL/SOCCER,SHOES,Men,2014.49
L12075,SUPER CAN W,NGTPUR/NGTPUR/NGTPUR,TENNIS,SHOES,Woman,1282.49
P93004,INF 3S HD FZ PO,BLUEBEAUT/DRKINDIGO,TRAINING,SUITS,Infant,1483.98
946175,PERF SHOOTING TOP TBF,WHITE/RED,BASKETBALL,JERSEYS,Men,1100.53
602427,BTS CLASSIC BP,BLACK/SILVER,TRAINING,BAGS,Unisex,59.98
79848,+PRED CC JSY,BLACK/COLLEGRED,FOOTBALL/SOCCER,JERSEYS,Men,2527.78
RK31840,CITY BAG,COMBAT GREEN S09-R,Err:520,BAGS,Unisex,2315.99
518674,SHORE,DUSK/BLACK/PEWTER,RUNNING,SHOES,Men,1078.49
574490,LIN POLO STRIPE,Echo/WHITE,TRAINING,POLO SHIRTS,Woman,2164.78
616267,PARTIDO,BLACK/PREDATRED,FOOTBALL/SOCCER,PROTECTION GEAR,Men,1517.23
504225,GS 3/4 TRG PANT,BLACK/TRUERED,FOOTBALL/SOCCER,PANTS,Men,1782.38
616356,RESPONSE PRO,COBALT/WHITE,FOOTBALL/SOCCER,PROTECTION GEAR,Men,2542.73
418018,EXTEND MID XCR,BURRO/SHREW/FOUND,OUTDOOR,SHOES,Men,2239.49
553190,TUSCANY ENDURO HI SUEDE,BLACK/WHT/Laser,ORIGINALS,SHOES,Men,106.48
P96578,CORE LS TEE,DEEPCHILI,SPORT STYLE,T-SHIRTS,Men,927.28
P91434,PAD JKT YOUNG,NIGHTSKY,TRAINING,JACKETS,Men,153.43
V37058,T DISNEY B G3PP,WHITE/FRESHBLUE,TRAINING,SOCKS,Kid,2458.73
545094,PREMIUM CARRY N,SCREEGREY/PEARL,TRAINING,BAGS,Woman,695.99
309523,SUPERGIRL JCKT.,DIABOLO/DRKMARINE,ORIGINALS,JACKETS,Woman,471.18
K23394,METAL BADGE CAP,BLACK,TRAINING,HEADWEAR,Woman,1849.58
X25062,ESS 3S TRACKTOP,MEDGREHEA/WHITE,TRAINING,JACKETS,Woman,1590.28
741357,COURT WRISTBAND,WHITE/WAVEBLUE,ORIGINALS,APPAREL ACCESSORIES,Unisex,1153.23
696985,AD TRACKTOP,BLACK/CHALK2,TRAINING,JACKETS,Men,1844.48
667361,BTB LT W,RUNWHT/DSHALE/CALLIS,BASKETBALL,SHOES,Woman,1867.49
J02608,DINAMO TF,BLACK/WHITE/RED,FOOTBALL/SOCCER,SHOES,Men,2158.49
625057,GYM CU PADDED J,DARKSPACE,TRAINING,JACKETS,Woman,212.33
802695,G. WAITZ BAG,FAIRWAY/WHITE,ORIGINALS,BAGS,Woman,170.98
67183,ALI GAZE,MEDGREHEA,TRAINING,T-SHIRTS,Men,1329.88
O57443,M QUILTED SWT,BLACK,ORIGINALS,JACKETS,Men,430.88
58762,ADI FIREBIRD TT,COLLENAVY/LGTORANGE,ORIGINALS,JACKETS,Men,632.38
36666,GALAXY SMV SE K,ALABAS/MERGRE/RUNWHT,ORIGINALS,SHOES,Kid,61.48
O57866,VESPA TRACK TOP,BLACK/DARKSHALE,ORIGINALS,JACKETS,Men,164.28
561329,TELSTAR TRX TF,RUNWHT/COLRED/COLRED,FOOTBALL/SOCCER,SHOES,Men,736.49
650075,3S FADING CAP,BLACK,TRAINING,HEADWEAR,Unisex,2114.78
686611,BC CALYPSO PANT,DARKNAVY,TRAINING,PANTS,Men,351.98
38343,BI-TONAL BP CLA,TAUPE,TRAINING,BAGS,Unisex,1232.99
608524,BL NIGHT TEE,MIDBLUE,ORIGINALS,T-SHIRTS,Woman,100.63
318135,AMPH SHIRT W,CRISTAL,OUTDOOR,T-SHIRTS,Woman,136.93
26779,3SI 3/4 PANTS,PHANTOM/WHITE,TRAINING,PANTS,Woman,1249.58
805923,+TG MINI,BLACK/black,FOOTBALL/SOCCER,BALLS,Men,386.73
397979,DBA BP,COLLENAVY,FOOTBALL/SOCCER,BAGS,Kid,140.98
X35539,RUN GRAPH TANK,SUPERPINK,TRAINING,T-SHIRTS,Woman,305.23
12779,TACTIC LOW W,WHT/CALLIS/SPLASH,ORIGINALS,SHOES,Woman,1679.99
48194,FZ KNIT V,MINTGREEN/LIGHTJADE,ORIGINALS,JACKETS,Men,2143.63
467959,NRTN,BLACK1/LEAD/SILVER,ORIGINALS,SHOES,Men,146.98
12194,MACTELO,BLSACU/GRSACU/BROMET,TRAINING,SHOES,Unisex,875.99
603007,F.C. KNIT,APOLLO/LEMONPEEL,TRAINING,SWEATERS,Men,2372.98
G00817,SUPERSTAR 2 CMF I,WHT/PURGRN/PURYEL,ORIGINALS,SHOES,Infant,2245.49
E14705,ESS 3SKNIT SUIT,BLOOM/PHANTOM,TRAINING,SUITS,Woman,239.73
10496,+F50.7 TUNIT UPPER,RUNWHT/BLACK1/METSIL,FOOTBALL/SOCCER,SHOES,Men,1022.99
K24230,CORE W/O PANT S,BLACK,TRAINING,PANTS,Woman,1060.78
G41851,EQT REMODEL,DKINDI/FREBLU/WHT,ORIGINALS,SHOES,Men,2215.49
27963,AR SWEAT TT,SILVER,ORIGINALS,JACKETS,Woman,1452.33
J84086,EASYTONE REECHILL II,LTHR/GRY/GRVL/SLV/PUR/GRY,TRAINING,SHOES,Woman,2024.99
569413,PHAIDON LS TEE,BLACK,TRAINING,T-SHIRTS,Woman,2311.63
67703,SOLID SHORT BOY,BLACK/DARKSLATE,SWIM,SWIMWEAR,Kid,1096.48
69561,REG JSY P,GOLD/TORO,FOOTBALL/SOCCER,JERSEYS,Men,607.18
RK29185,SMOOTH FIT CAP,WHITE,TRAINING,HEADWEAR,Woman,1805.38
608433,D AG GRAPHIC TE,CARGO,ORIGINALS,T-SHIRTS,Woman,1968.43
G03908,VESPA SPRINT VELOCE,WHT/WHT/BLACK1,ORIGINALS,SHOES,Men,1946.99
V10866,SN 3/4 TI W,STRONGPNK/INTENSPNK,RUNNING,TIGHTS,Woman,1357.98
610604,ESS NEW PANT,TAUPE,TRAINING,PANTS,Men,892.78
E80278,I 3SA 1PC,BLACK/PINKCANDY,SWIM,SWIMWEAR,Woman,1902.28
E16349,365INSP SL TEE,WHITE/SILVER,TRAINING,T-SHIRTS,Men,1316.68
503973,SUPERSKATE TEE,FAIRWAY/METSILVER,ORIGINALS,T-SHIRTS,Men,438.88
802812,PLAY OFF BTS 3,TORO/BLACK,TRAINING,BAGS,Men,52.48
140219,TRAIL STR ZO P,VENTUGREY,OUTDOOR,PANTS,Men,2017.58
608325,RH WINTER COATI,BLACK,ORIGINALS,JACKETS,Woman,1128.38
566401,ASC HOODIE,MARSRED/SUNSHINE,ORIGINALS,SWEATSHIRTS,Men,1553.08
544970,BL STRIPE CLASP,BLOOM/POOL,ORIGINALS,HARDWARE ACCESSORIES,Woman,1130.48
919974,LAHAR TRAINER,WHT/PURCY/METSIL,NOT SPORTS SPECIFIC,SHOES,Woman,1171.49
519143,RAYANO,BLACK/WHT/AQUA,SWIM,SANDALS/SLIPPERS,Men,115.48
K14789,HOODIE,BLACK,WORKOUT,SWEATSHIRTS,Men,358.03
E44538,YAT ORGANIZER,ROOT/MATTORANG,TRAINING,BAGS,Woman,1048.49
607093,B EDGE BERMUDA,BLACK,TENNIS,SHORTS,Kid,2677.48
X30563,CS LONG LOGO HO,BLACK,ORIGINALS,SWEATSHIRTS,Woman,2253.68
652266,PANT 3S YOUNG,BLACK/SHADEGREY,TRAINING,PANTS,Men,1447.98
O05608,T W ADILIB. 2PP,BLACK/WHITE,TRAINING,SOCKS,Woman,2031.73
558296,3S MESH CAP,DEEPSEA,TRAINING,HEADWEAR,Unisex,829.58
X15511,DISNEY CAP G,ULTRAPINK/SUPERPINK,TRAINING,HEADWEAR,Kid,1456.88
K23099,YNG KNIT TSUIT,HEROINE PINK S10-RBLACK,TRAINING,SUITS,Woman,1042.98
371987,DANIN HD.ZIPTOP,MEDGREHEA,TRAINING,JACKETS,Woman,1683.28
77673,AJAX REV TOP,BLACK/TORO,FOOTBALL/SOCCER,SWEATSHIRTS,Men,931.53
P08661,CGYM KICKPANTS,PURESTEEL/PINKMET,TRAINING,PANTS,Woman,2171.18
E17431,CR T LINANKLE3P,WHITE/MEDGREHEA,TRAINING,SOCKS,Unisex,1783.23
K23236,GRAPH V NEC T,HEROINE PINK S10-R-BLACK,SPORT STYLE,T-SHIRTS,Woman,1189.63
29774,BC MATURE JUMP.,BONE/DARKCLAY,TRAINING,SWEATERS,Men,1854.98
42174,PORSCHE DESIGN 1 LUX,BLACK1/BLACK1/METGOL,ORIGINALS,SHOES,Men,158.98
K83428,CITY BAG,BLACK/ULTRAMARINE F10-R/S,TRAINING,BAGS,Unisex,920.99
640765,ESSENTIAL JUMP,BLACK/NEOBLUE,WORKOUT,HARDWARE ACCESSORIES,Unisex,2280.23
615588,LKB - LTA CAP,POPPY/LIGHTONIX,TRAINING,HEADWEAR,Kid,2235.48
558175,DASSLER CAP ADJ,LGTTITAN,TRAINING,HEADWEAR,Unisex,365.48
V87196,FS ULTIMATE,SHARPBLUE/ELECTRICI,FOOTBALL/SOCCER,PROTECTION GEAR,Men,2035.23
J09773,VALDE II 500F - PB,WHITE/BLACK/RED,FOOTBALL/SOCCER,BALLS,Unisex,1329.98
116264,MISSY CROSS TRAIN,CHOCOL/ICEBLU/CHOCOL,ORIGINALS,SHOES,Woman,148.48
614595,VENUS,BLACK/WHITE,ORIGINALS,BAGS,Woman,1685.99
P08254,SVESPA COAT,BLACK,ORIGINALS,JACKETS,Men,220.08
741916,GYM CU TRACK PA,LIGHTBARK,TRAINING,PANTS,Woman,409.58
43601,LS-MOVE II,BLACK1/LAVMET/LAVMET,NOT SPORTS SPECIFIC,SHOES,Woman,347.99
G31514,JOGGER K,RUNWHT/DKINDI/RUNWHT,NOT SPORTS SPECIFIC,SHOES,Kid,1933.49
809597,SS 2G6  HALF-SHELL,UNIRED/RUNWHT/METGOL,BASKETBALL,SHOES,Men,1097.99
E81108,ADISTAR L/S TEE,PHANTOM/TIN,RUNNING,T-SHIRTS,Men,2321.53
O43556,TD-ZIGJKT,BLACK-TIN GREY F11-R,TRAINING,JACKETS,Men,1005.93
86418,3S BTS,DIVA/BLOOM,TRAINING,JACKETS,Kid,1970.03
O05266,I DYQ SET G 1,CRYSTAL/MEDGREHEA,TRAINING,SUITS,Infant,2490.23
635296,D-STRIPE POLO,FRESHPINK,ORIGINALS,POLO SHIRTS,Men,252.78
P90724,ESY TS,BLACK/RED,TRAINING,SUITS,Kid,918.73
E13546,TRAIL FCT TEE,RED,OUTDOOR,T-SHIRTS,Men,1966.78
79668,+PRED DB HD JK,WHITE,FOOTBALL/SOCCER,JACKETS,Men,55.78
396209,NY BACKPACK 3,DARKCLAY/NEWNAVY,BASEBALL,BAGS,Unisex,314.99
372070,AC G SWEAT JKTY,DARKCHOCO/TRUERED,TRAINING,JACKETS,Kid,1926.63
367285,SOUVENIER TEE,WHITE/FAIRWAY,ORIGINALS,T-SHIRTS,Men,1082.38
37876,BTS MESSENGERBA,BLADEBLUE/DARKBLADE,TRAINING,BAGS,Unisex,1784.99
V86519,STAR TB,BLACK/ULTLILMET,FOOTBALL/SOCCER,BAGS,Unisex,1289.99
